geoid,year,measure,value,moe,Unnamed: 0
51760030100,2019,HOI,2,,1
51710004800,2019,HOI,3,,2
51760020200,2019,HOI,3,,3
51770002502,2019,HOI,2,,4
51710004200,2019,HOI,3,,5
51760030501,2019,HOI,3,,6
51760020100,2019,HOI,3,,7
51710004100,2019,HOI,3,,8
51730810100,2019,HOI,1,,9
51700030100,2019,HOI,3,,10
51740211800,2019,HOI,3,,11
51710003501,2019,HOI,3,,12
51003010904,2019,HOI,3,,13
51013101704,2019,HOI,4,,14
51013101408,2019,HOI,4,,15
51760020400,2019,HOI,3,,16
51740210500,2019,HOI,3,,17
51059451400,2019,HOI,3,,18
51760040300,2019,HOI,2,,19
51013102701,2019,HOI,3,,20
51760060800,2019,HOI,3,,21
51590000400,2019,HOI,2,,22
51730810600,2019,HOI,1,,23
51059451601,2019,HOI,3,,24
51730810700,2019,HOI,1,,25
51760010300,2019,HOI,1,,26
51510201206,2019,HOI,4,,27
51013103505,2019,HOI,4,,28
51700030600,2019,HOI,3,,29
51013103503,2019,HOI,4,,30
51760021000,2019,HOI,4,,31
51710005100,2019,HOI,1,,32
51650011400,2019,HOI,3,,33
51087200805,2019,HOI,2,,34
51013103602,2019,HOI,4,,35
51700030800,2019,HOI,4,,36
51760060900,2019,HOI,2,,37
51590000500,2019,HOI,4,,38
51013101603,2019,HOI,4,,39
51760070601,2019,HOI,3,,40
51700030400,2019,HOI,3,,41
51105950301,2019,HOI,2,,42
51740212100,2019,HOI,1,,43
51059461902,2019,HOI,2,,44
51800065500,2019,HOI,2,,45
51710000902,2019,HOI,2,,46
51760060700,2019,HOI,3,,47
51710002900,2019,HOI,4,,48
51800065100,2019,HOI,3,,49
51710001300,2019,HOI,4,,50
51710002700,2019,HOI,3,,51
51680001100,2019,HOI,3,,52
51680000600,2019,HOI,2,,53
51710004300,2019,HOI,3,,54
51041100406,2019,HOI,1,,55
51590001000,2019,HOI,3,,56
51710005701,2019,HOI,3,,57
51041100404,2019,HOI,2,,58
51770001000,2019,HOI,3,,59
51510201205,2019,HOI,4,,60
51595890100,2019,HOI,3,,61
51550020100,2019,HOI,3,,62
51013101804,2019,HOI,4,,63
51710002500,2019,HOI,2,,64
51620090200,2019,HOI,2,,65
51510200102,2019,HOI,4,,66
51121020301,2019,HOI,4,,67
51770002600,2019,HOI,2,,68
51013102001,2019,HOI,4,,69
51510200304,2019,HOI,4,,70
51760030200,2019,HOI,3,,71
51680000400,2019,HOI,1,,72
51510200106,2019,HOI,4,,73
51013101705,2019,HOI,4,,74
51510200108,2019,HOI,4,,75
51810045810,2019,HOI,4,,76
51013103300,2019,HOI,4,,77
51710004600,2019,HOI,1,,78
51770000900,2019,HOI,3,,79
51520020201,2019,HOI,3,,80
51810040600,2019,HOI,4,,81
51700032300,2019,HOI,2,,82
51059415401,2019,HOI,4,,83
51700032006,2019,HOI,4,,84
51710001400,2019,HOI,4,,85
51710003400,2019,HOI,3,,86
51730810400,2019,HOI,2,,87
51680000700,2019,HOI,4,,88
51760071004,2019,HOI,4,,89
51710001100,2019,HOI,3,,90
51013101701,2019,HOI,4,,91
51710005901,2019,HOI,4,,92
51059450702,2019,HOI,3,,93
51680001900,2019,HOI,3,,94
51710004400,2019,HOI,4,,95
51710005500,2019,HOI,4,,96
51059480203,2019,HOI,4,,97
51177020313,2019,HOI,4,,98
51710004500,2019,HOI,3,,99
51510200409,2019,HOI,4,,100
51730811200,2019,HOI,3,,101
51670820100,2019,HOI,2,,102
51013103504,2019,HOI,4,,103
51510200109,2019,HOI,4,,104
51059480205,2019,HOI,4,,105
51013102200,2019,HOI,4,,106
51540000202,2019,HOI,3,,107
51540000401,2019,HOI,3,,108
51680000205,2019,HOI,4,,109
51710005800,2019,HOI,4,,110
51199050207,2019,HOI,4,,111
51760020700,2019,HOI,4,,112
51710001600,2019,HOI,3,,113
51700032126,2019,HOI,4,,114
51740211100,2019,HOI,3,,115
51550020910,2019,HOI,4,,116
51730811300,2019,HOI,2,,117
51153900203,2019,HOI,4,,118
51710004002,2019,HOI,4,,119
51550020500,2019,HOI,4,,120
51059421500,2019,HOI,4,,121
51710006400,2019,HOI,3,,122
51510201602,2019,HOI,4,,123
51700032123,2019,HOI,2,,124
51153900602,2019,HOI,4,,125
51710006501,2019,HOI,3,,126
51149850200,2019,HOI,2,,127
51650010504,2019,HOI,2,,128
51630000400,2019,HOI,3,,129
51760040400,2019,HOI,4,,130
51003010901,2019,HOI,4,,131
51760060200,2019,HOI,3,,132
51510200104,2019,HOI,4,,133
51730810500,2019,HOI,2,,134
51760020501,2019,HOI,4,,135
51670820300,2019,HOI,3,,136
51041100107,2019,HOI,4,,137
51041100806,2019,HOI,4,,138
51059451502,2019,HOI,4,,139
51740212000,2019,HOI,4,,140
51700030900,2019,HOI,3,,141
51700031902,2019,HOI,4,,142
51660000302,2019,HOI,4,,143
51137110200,2019,HOI,2,,144
51770002501,2019,HOI,2,,145
51087200153,2019,HOI,4,,146
51059452700,2019,HOI,4,,147
51800065302,2019,HOI,3,,148
51650010900,2019,HOI,4,,149
51013102002,2019,HOI,4,,150
51700032128,2019,HOI,4,,151
51059480204,2019,HOI,4,,152
51087200417,2019,HOI,4,,153
51013101409,2019,HOI,4,,154
51059420503,2019,HOI,4,,155
51700031701,2019,HOI,4,,156
51059452801,2019,HOI,4,,157
51550020300,2019,HOI,2,,158
51013102003,2019,HOI,4,,159
51001090402,2019,HOI,2,,160
51143010301,2019,HOI,2,,161
51760060400,2019,HOI,4,,162
51153901403,2019,HOI,4,,163
51153901419,2019,HOI,4,,164
51059421701,2019,HOI,4,,165
51510200408,2019,HOI,4,,166
51760040201,2019,HOI,4,,167
51740212801,2019,HOI,4,,168
51510200500,2019,HOI,4,,169
51760011000,2019,HOI,3,,170
51107610505,2019,HOI,4,,171
51680000500,2019,HOI,2,,172
51810044005,2019,HOI,4,,173
51059481101,2019,HOI,4,,174
51153901102,2019,HOI,3,,175
51810040200,2019,HOI,4,,176
51660000101,2019,HOI,3,,177
51009010505,2019,HOI,3,,178
51760070803,2019,HOI,4,,179
51059451501,2019,HOI,4,,180
51800065401,2019,HOI,3,,181
51760021200,2019,HOI,2,,182
51013102804,2019,HOI,4,,183
51041100212,2019,HOI,4,,184
51760010202,2019,HOI,4,,185
51009010506,2019,HOI,4,,186
51117930202,2019,HOI,3,,187
51087200412,2019,HOI,4,,188
51590000600,2019,HOI,4,,189
51013101805,2019,HOI,4,,190
51760010800,2019,HOI,3,,191
51147930101,2019,HOI,2,,192
51670820700,2019,HOI,4,,193
51059440503,2019,HOI,4,,194
51710002600,2019,HOI,3,,195
51770001200,2019,HOI,4,,196
51570830200,2019,HOI,4,,197
51810044006,2019,HOI,4,,198
51041100410,2019,HOI,2,,199
51700030300,2019,HOI,3,,200
51059451602,2019,HOI,4,,201
51059416200,2019,HOI,3,,202
51089010100,2019,HOI,3,,203
51510200406,2019,HOI,4,,204
51770002400,2019,HOI,4,,205
51087200418,2019,HOI,4,,206
51153901702,2019,HOI,2,,207
51059471301,2019,HOI,4,,208
51153900901,2019,HOI,4,,209
51760071002,2019,HOI,4,,210
51041100907,2019,HOI,2,,211
51059491202,2019,HOI,4,,212
51740212400,2019,HOI,4,,213
51013101803,2019,HOI,4,,214
51590001100,2019,HOI,3,,215
51770000100,2019,HOI,4,,216
51800075103,2019,HOI,4,,217
51185020900,2019,HOI,3,,218
51087200700,2019,HOI,4,,219
51013101407,2019,HOI,4,,220
51700032212,2019,HOI,3,,221
51059481102,2019,HOI,4,,222
51153901101,2019,HOI,3,,223
51760040600,2019,HOI,4,,224
51540000501,2019,HOI,4,,225
51510200301,2019,HOI,4,,226
51059422000,2019,HOI,4,,227
51037930101,2019,HOI,2,,228
51013103405,2019,HOI,4,,229
51187020400,2019,HOI,3,,230
51830370200,2019,HOI,4,,231
51710000300,2019,HOI,4,,232
51670820600,2019,HOI,3,,233
51650011300,2019,HOI,4,,234
51650010316,2019,HOI,3,,235
51770000500,2019,HOI,3,,236
51710000400,2019,HOI,3,,237
51760010900,2019,HOI,4,,238
51041100405,2019,HOI,4,,239
51640070102,2019,HOI,4,,240
51760071003,2019,HOI,4,,241
51059421600,2019,HOI,4,,242
51650010314,2019,HOI,3,,243
51590000200,2019,HOI,4,,244
51121020202,2019,HOI,1,,245
51059421800,2019,HOI,4,,246
51660000401,2019,HOI,4,,247
51059421400,2019,HOI,4,,248
51059482201,2019,HOI,4,,249
51595890200,2019,HOI,4,,250
51710003300,2019,HOI,4,,251
51510200105,2019,HOI,4,,252
51840000301,2019,HOI,4,,253
51660000207,2019,HOI,3,,254
51141030102,2019,HOI,2,,255
51710000201,2019,HOI,2,,256
51041100300,2019,HOI,3,,257
51107611002,2019,HOI,4,,258
51059461901,2019,HOI,4,,259
51510200407,2019,HOI,4,,260
51153900503,2019,HOI,4,,261
51730810300,2019,HOI,3,,262
51153900504,2019,HOI,4,,263
51590000300,2019,HOI,4,,264
51047930300,2019,HOI,4,,265
51700032134,2019,HOI,4,,266
51153900407,2019,HOI,4,,267
51107611602,2019,HOI,4,,268
51550020700,2019,HOI,4,,269
51760070700,2019,HOI,3,,270
51800065402,2019,HOI,3,,271
51760041100,2019,HOI,4,,272
51059450300,2019,HOI,4,,273
51678980000,2019,HOI,4,,274
51087200131,2019,HOI,4,,275
51520020300,2019,HOI,1,,276
51013103200,2019,HOI,4,,277
51153901704,2019,HOI,4,,278
51013102600,2019,HOI,4,,279
51710005000,2019,HOI,2,,280
51710003200,2019,HOI,4,,281
51059421900,2019,HOI,3,,282
51105950500,2019,HOI,2,,283
51810046013,2019,HOI,4,,284
51087201103,2019,HOI,4,,285
51700031604,2019,HOI,4,,286
51187020500,2019,HOI,4,,287
51570830400,2019,HOI,3,,288
51680001601,2019,HOI,4,,289
51760010201,2019,HOI,4,,290
51013101406,2019,HOI,4,,291
51800075601,2019,HOI,2,,292
51173030600,2019,HOI,2,,293
51121020702,2019,HOI,3,,294
51059452302,2019,HOI,4,,295
51650010309,2019,HOI,4,,296
51087200125,2019,HOI,4,,297
51760020900,2019,HOI,4,,298
51660000402,2019,HOI,4,,299
51700032133,2019,HOI,4,,300
51053840102,2019,HOI,3,,301
51059480902,2019,HOI,4,,302
51650012000,2019,HOI,3,,303
51177020305,2019,HOI,4,,304
51003011302,2019,HOI,2,,305
51710006502,2019,HOI,4,,306
51139030401,2019,HOI,3,,307
51510200704,2019,HOI,4,,308
51810045605,2019,HOI,4,,309
51087201206,2019,HOI,4,,310
51059482507,2019,HOI,4,,311
51059452200,2019,HOI,4,,312
51059481202,2019,HOI,4,,313
51183870300,2019,HOI,1,,314
51510200305,2019,HOI,4,,315
51131930100,2019,HOI,3,,316
51087201204,2019,HOI,4,,317
51650010701,2019,HOI,4,,318
51700032124,2019,HOI,4,,319
51800075504,2019,HOI,4,,320
51059450200,2019,HOI,4,,321
51013103800,2019,HOI,4,,322
51610500300,2019,HOI,4,,323
51630000201,2019,HOI,4,,324
51770001100,2019,HOI,3,,325
51059415300,2019,HOI,4,,326
51700030500,2019,HOI,4,,327
51510200302,2019,HOI,4,,328
51059416000,2019,HOI,4,,329
51690000200,2019,HOI,4,,330
51107611018,2019,HOI,4,,331
51059452502,2019,HOI,4,,332
51710006100,2019,HOI,4,,333
51005070100,2019,HOI,3,,334
51710000901,2019,HOI,3,,335
51810044807,2019,HOI,4,,336
51810046221,2019,HOI,4,,337
51540000600,2019,HOI,2,,338
51013101405,2019,HOI,4,,339
51137110301,2019,HOI,3,,340
51550021405,2019,HOI,4,,341
51059481104,2019,HOI,4,,342
51810044202,2019,HOI,4,,343
51059431601,2019,HOI,4,,344
51153901203,2019,HOI,4,,345
51161030207,2019,HOI,4,,346
51550021602,2019,HOI,4,,347
51057950700,2019,HOI,2,,348
51700031300,2019,HOI,4,,349
51083930800,2019,HOI,4,,350
51760030502,2019,HOI,3,,351
51059490101,2019,HOI,4,,352
51810040403,2019,HOI,3,,353
51840000302,2019,HOI,4,,354
51760070901,2019,HOI,3,,355
51660000204,2019,HOI,4,,356
51760040500,2019,HOI,4,,357
51013102500,2019,HOI,4,,358
51087200807,2019,HOI,4,,359
51153901014,2019,HOI,4,,360
51089010500,2019,HOI,1,,361
51550020400,2019,HOI,4,,362
51109950201,2019,HOI,3,,363
51069051102,2019,HOI,4,,364
51750010102,2019,HOI,4,,365
51059461606,2019,HOI,4,,366
51760020300,2019,HOI,4,,367
51700032226,2019,HOI,4,,368
51810045809,2019,HOI,4,,369
51760041400,2019,HOI,4,,370
51810044805,2019,HOI,4,,371
51195931100,2019,HOI,2,,372
51810040405,2019,HOI,4,,373
51710003600,2019,HOI,4,,374
51770000300,2019,HOI,4,,375
51121020401,2019,HOI,4,,376
51041100920,2019,HOI,4,,377
51013101703,2019,HOI,4,,378
51087200144,2019,HOI,4,,379
51840000102,2019,HOI,4,,380
51191010502,2019,HOI,4,,381
51013101501,2019,HOI,4,,382
51095080102,2019,HOI,2,,383
51740212300,2019,HOI,4,,384
51700031200,2019,HOI,4,,385
51059430600,2019,HOI,4,,386
51760071100,2019,HOI,4,,387
51550020907,2019,HOI,4,,388
51810044806,2019,HOI,4,,389
51041100210,2019,HOI,4,,390
51700032129,2019,HOI,4,,391
51700031400,2019,HOI,4,,392
51710006901,2019,HOI,4,,393
51153900410,2019,HOI,3,,394
51740210200,2019,HOI,3,,395
51019050101,2019,HOI,5,,396
51700032225,2019,HOI,4,,397
51683910302,2019,HOI,4,,398
51750010202,2019,HOI,3,,399
51095080205,2019,HOI,4,,400
51740211400,2019,HOI,4,,401
51165010500,2019,HOI,1,,402
51087200806,2019,HOI,4,,403
51001090401,2019,HOI,2,,404
51053840500,2019,HOI,2,,405
51059491704,2019,HOI,4,,406
51810044004,2019,HOI,4,,407
51067020801,2019,HOI,2,,408
51810043200,2019,HOI,2,,409
51125950102,2019,HOI,2,,410
51107611501,2019,HOI,4,,411
51680000300,2019,HOI,4,,412
51680000901,2019,HOI,4,,413
51760070602,2019,HOI,4,,414
51143011301,2019,HOI,3,,415
51177020110,2019,HOI,4,,416
51630000302,2019,HOI,4,,417
51087200106,2019,HOI,4,,418
51087200139,2019,HOI,4,,419
51153901407,2019,HOI,4,,420
51710001200,2019,HOI,3,,421
51680000902,2019,HOI,4,,422
51177020108,2019,HOI,4,,423
51590000800,2019,HOI,4,,424
51670820500,2019,HOI,4,,425
51810045603,2019,HOI,4,,426
51087200126,2019,HOI,4,,427
51059450100,2019,HOI,4,,428
51147930204,2019,HOI,2,,429
51650010702,2019,HOI,4,,430
51775010100,2019,HOI,4,,431
51013103501,2019,HOI,4,,432
51710006604,2019,HOI,4,,433
51059471201,2019,HOI,4,,434
51059482302,2019,HOI,4,,435
51121020801,2019,HOI,4,,436
51059450602,2019,HOI,4,,437
51013103404,2019,HOI,4,,438
51059482204,2019,HOI,4,,439
51121020402,2019,HOI,4,,440
51740213200,2019,HOI,4,,441
51153901015,2019,HOI,4,,442
51685920202,2019,HOI,4,,443
51153901418,2019,HOI,4,,444
51730810900,2019,HOI,4,,445
51710003700,2019,HOI,4,,446
51199050208,2019,HOI,4,,447
51031020700,2019,HOI,4,,448
51059480903,2019,HOI,4,,449
51630000500,2019,HOI,4,,450
51195930700,2019,HOI,3,,451
51015070602,2019,HOI,4,,452
51179010306,2019,HOI,4,,453
51680001400,2019,HOI,4,,454
51740213101,2019,HOI,4,,455
51710000100,2019,HOI,3,,456
51135000102,2019,HOI,3,,457
51087200404,2019,HOI,4,,458
51095080209,2019,HOI,4,,459
51153901900,2019,HOI,3,,460
51195931700,2019,HOI,3,,461
51059490501,2019,HOI,4,,462
51089010900,2019,HOI,1,,463
51059422202,2019,HOI,4,,464
51013102302,2019,HOI,4,,465
51770002301,2019,HOI,4,,466
51121020701,2019,HOI,3,,467
51710007002,2019,HOI,4,,468
51650010502,2019,HOI,3,,469
51590001302,2019,HOI,2,,470
51107610506,2019,HOI,4,,471
51590000100,2019,HOI,4,,472
51540001000,2019,HOI,4,,473
51740211700,2019,HOI,4,,474
51007930102,2019,HOI,3,,475
51540000201,2019,HOI,4,,476
51059491707,2019,HOI,4,,477
51155210201,2019,HOI,4,,478
51810040000,2019,HOI,4,,479
51683910401,2019,HOI,4,,480
51143010600,2019,HOI,3,,481
51750010101,2019,HOI,3,,482
51820003200,2019,HOI,3,,483
51680000203,2019,HOI,4,,484
51003010302,2019,HOI,4,,485
51650011800,2019,HOI,3,,486
51059451900,2019,HOI,4,,487
51790000200,2019,HOI,4,,488
51059420400,2019,HOI,4,,489
51153901212,2019,HOI,4,,490
51195931600,2019,HOI,2,,491
51650011200,2019,HOI,4,,492
51087200409,2019,HOI,4,,493
51510200701,2019,HOI,4,,494
51790000100,2019,HOI,4,,495
51710000600,2019,HOI,3,,496
51013102100,2019,HOI,4,,497
51013101502,2019,HOI,4,,498
51041100506,2019,HOI,3,,499
51510200111,2019,HOI,4,,500
51179010211,2019,HOI,4,,501
51760060502,2019,HOI,3,,502
51710005702,2019,HOI,4,,503
51003010701,2019,HOI,4,,504
51177020206,2019,HOI,3,,505
51059491801,2019,HOI,4,,506
51630000301,2019,HOI,4,,507
51740212600,2019,HOI,4,,508
51590000900,2019,HOI,4,,509
51550020809,2019,HOI,4,,510
51760011100,2019,HOI,4,,511
51087201205,2019,HOI,4,,512
51650011002,2019,HOI,4,,513
51740210900,2019,HOI,4,,514
51650010602,2019,HOI,4,,515
51193010401,2019,HOI,4,,516
51165010801,2019,HOI,3,,517
51650010315,2019,HOI,3,,518
51003010603,2019,HOI,4,,519
51710006602,2019,HOI,4,,520
51840000101,2019,HOI,4,,521
51810041002,2019,HOI,4,,522
51590001200,2019,HOI,2,,523
51079030102,2019,HOI,3,,524
51510200600,2019,HOI,4,,525
51820003300,2019,HOI,4,,526
51087200411,2019,HOI,4,,527
51683910201,2019,HOI,4,,528
51195931200,2019,HOI,3,,529
51013102702,2019,HOI,4,,530
51059481000,2019,HOI,4,,531
51171040700,2019,HOI,3,,532
51650010306,2019,HOI,3,,533
51093280107,2019,HOI,4,,534
51720960100,2019,HOI,3,,535
51059420502,2019,HOI,4,,536
51650010601,2019,HOI,3,,537
51105950400,2019,HOI,2,,538
51033030300,2019,HOI,3,,539
51109950202,2019,HOI,3,,540
51059421102,2019,HOI,4,,541
51087201104,2019,HOI,4,,542
51650010311,2019,HOI,4,,543
51710006606,2019,HOI,4,,544
51173030702,2019,HOI,2,,545
51800075401,2019,HOI,4,,546
51143010200,2019,HOI,2,,547
51700032400,2019,HOI,2,,548
51059471204,2019,HOI,4,,549
51081880200,2019,HOI,2,,550
51019050102,2019,HOI,5,,551
51169030200,2019,HOI,2,,552
51153900804,2019,HOI,4,,553
51550020002,2019,HOI,2,,554
51510200705,2019,HOI,4,,555
51175200500,2019,HOI,3,,556
51067020200,2019,HOI,2,,557
51149850100,2019,HOI,3,,558
51740211900,2019,HOI,4,,559
51810040801,2019,HOI,4,,560
51770002800,2019,HOI,4,,561
51187020602,2019,HOI,3,,562
51700031602,2019,HOI,4,,563
51059422101,2019,HOI,4,,564
51025930203,2019,HOI,3,,565
51770002302,2019,HOI,4,,566
51031020401,2019,HOI,4,,567
51191010501,2019,HOI,4,,568
51041100407,2019,HOI,3,,569
51153901602,2019,HOI,4,,570
51510201804,2019,HOI,4,,571
51013103100,2019,HOI,4,,572
51109950102,2019,HOI,3,,573
51710003100,2019,HOI,4,,574
51179010214,2019,HOI,4,,575
51680001603,2019,HOI,4,,576
51185020500,2019,HOI,2,,577
51059452600,2019,HOI,3,,578
51121021400,2019,HOI,2,,579
51710001500,2019,HOI,4,,580
51179010215,2019,HOI,4,,581
51107611300,2019,HOI,4,,582
51810045801,2019,HOI,4,,583
51550020200,2019,HOI,3,,584
51057950600,2019,HOI,3,,585
51650011900,2019,HOI,3,,586
51105950302,2019,HOI,2,,587
51740210300,2019,HOI,4,,588
51087200123,2019,HOI,3,,589
51740210400,2019,HOI,4,,590
51107611502,2019,HOI,4,,591
51700031702,2019,HOI,4,,592
51550020813,2019,HOI,4,,593
51600300300,2019,HOI,4,,594
51199051000,2019,HOI,4,,595
51710001700,2019,HOI,3,,596
51153900409,2019,HOI,3,,597
51680000801,2019,HOI,4,,598
51171040501,2019,HOI,3,,599
51181860100,2019,HOI,2,,600
51059422102,2019,HOI,4,,601
51107611400,2019,HOI,4,,602
51730811000,2019,HOI,3,,603
51059452301,2019,HOI,4,,604
51510201601,2019,HOI,4,,605
51003010502,2019,HOI,4,,606
51107611202,2019,HOI,4,,607
51083930601,2019,HOI,3,,608
51650010304,2019,HOI,4,,609
51013102904,2019,HOI,4,,610
51089011100,2019,HOI,3,,611
51013101401,2019,HOI,4,,612
51087200600,2019,HOI,4,,613
51185021000,2019,HOI,3,,614
51107610603,2019,HOI,4,,615
51009010504,2019,HOI,4,,616
51710006000,2019,HOI,4,,617
51059432000,2019,HOI,4,,618
51059420600,2019,HOI,4,,619
51510200802,2019,HOI,4,,620
51550020912,2019,HOI,4,,621
51121020802,2019,HOI,4,,622
51153901016,2019,HOI,4,,623
51650010400,2019,HOI,4,,624
51027010200,2019,HOI,2,,625
51540000302,2019,HOI,4,,626
51700032228,2019,HOI,4,,627
51041100934,2019,HOI,4,,628
51013101801,2019,HOI,4,,629
51680000204,2019,HOI,4,,630
51760010402,2019,HOI,3,,631
51810044808,2019,HOI,4,,632
51690000100,2019,HOI,3,,633
51135000300,2019,HOI,1,,634
51059430700,2019,HOI,4,,635
51770000400,2019,HOI,5,,636
51085320601,2019,HOI,4,,637
51185020400,2019,HOI,2,,638
51510201100,2019,HOI,4,,639
51650011600,2019,HOI,4,,640
51107611101,2019,HOI,4,,641
51107611032,2019,HOI,4,,642
51017920102,2019,HOI,3,,643
51730811100,2019,HOI,4,,644
51185020302,2019,HOI,2,,645
51059471303,2019,HOI,4,,646
51041100928,2019,HOI,4,,647
51059461605,2019,HOI,4,,648
51059491706,2019,HOI,4,,649
51059491703,2019,HOI,4,,650
51510202002,2019,HOI,4,,651
51177020109,2019,HOI,4,,652
51087201406,2019,HOI,4,,653
51187020101,2019,HOI,3,,654
51153900403,2019,HOI,4,,655
51153900502,2019,HOI,5,,656
51165010900,2019,HOI,3,,657
51013101900,2019,HOI,4,,658
51195930800,2019,HOI,2,,659
51680000802,2019,HOI,3,,660
51183870400,2019,HOI,4,,661
51710002800,2019,HOI,4,,662
51061930101,2019,HOI,3,,663
51087201504,2019,HOI,3,,664
51195931500,2019,HOI,2,,665
51810046219,2019,HOI,5,,666
51001090102,2019,HOI,4,,667
51710000500,2019,HOI,4,,668
51059432201,2019,HOI,4,,669
51059431602,2019,HOI,4,,670
51001090500,2019,HOI,2,,671
51029930101,2019,HOI,2,,672
51820003100,2019,HOI,4,,673
51167030404,2019,HOI,3,,674
51193010200,2019,HOI,3,,675
51185020301,2019,HOI,2,,676
51710004700,2019,HOI,3,,677
51059490104,2019,HOI,4,,678
51093280108,2019,HOI,4,,679
51770002700,2019,HOI,4,,680
51011040102,2019,HOI,3,,681
51059482506,2019,HOI,4,,682
51193010101,2019,HOI,2,,683
51035080401,2019,HOI,3,,684
51149850301,2019,HOI,4,,685
51193010402,2019,HOI,4,,686
51800075406,2019,HOI,4,,687
51195931400,2019,HOI,3,,688
51059480901,2019,HOI,4,,689
51161031102,2019,HOI,4,,690
51700032211,2019,HOI,4,,691
51047930400,2019,HOI,3,,692
51121020600,2019,HOI,3,,693
51510201400,2019,HOI,5,,694
51161031101,2019,HOI,4,,695
51041100819,2019,HOI,4,,696
51041100804,2019,HOI,4,,697
51153900701,2019,HOI,4,,698
51610500200,2019,HOI,4,,699
51540000700,2019,HOI,4,,700
51059420100,2019,HOI,4,,701
51153900905,2019,HOI,4,,702
51107611205,2019,HOI,4,,703
51800075205,2019,HOI,4,,704
51710006605,2019,HOI,4,,705
51153900702,2019,HOI,4,,706
51059461202,2019,HOI,4,,707
51059460503,2019,HOI,4,,708
51740211600,2019,HOI,4,,709
51810045606,2019,HOI,4,,710
51650011100,2019,HOI,4,,711
51033030202,2019,HOI,3,,712
51059415500,2019,HOI,4,,713
51710006603,2019,HOI,4,,714
51810042801,2019,HOI,5,,715
51510201805,2019,HOI,4,,716
51087200501,2019,HOI,4,,717
51059491303,2019,HOI,4,,718
51510201900,2019,HOI,4,,719
51117930201,2019,HOI,3,,720
51177020311,2019,HOI,3,,721
51153901237,2019,HOI,4,,722
51700031603,2019,HOI,4,,723
51660000102,2019,HOI,4,,724
51027010500,2019,HOI,2,,725
51630000100,2019,HOI,4,,726
51085321202,2019,HOI,4,,727
51810040406,2019,HOI,4,,728
51770001900,2019,HOI,4,,729
51175200401,2019,HOI,3,,730
51199050500,2019,HOI,3,,731
51085320602,2019,HOI,4,,732
51710000800,2019,HOI,3,,733
51137110106,2019,HOI,3,,734
51113930102,2019,HOI,3,,735
51173030100,2019,HOI,2,,736
51059440201,2019,HOI,4,,737
51570830500,2019,HOI,4,,738
51510200403,2019,HOI,4,,739
51800075402,2019,HOI,4,,740
51600300400,2019,HOI,4,,741
51179010216,2019,HOI,4,,742
51081880101,2019,HOI,3,,743
51019030604,2019,HOI,3,,744
51059461802,2019,HOI,4,,745
51059471100,2019,HOI,4,,746
51550021403,2019,HOI,4,,747
51810045806,2019,HOI,4,,748
51173030400,2019,HOI,2,,749
51153900404,2019,HOI,4,,750
51021040200,2019,HOI,3,,751
51059452101,2019,HOI,4,,752
51059492400,2019,HOI,4,,753
51047930502,2019,HOI,4,,754
51041100211,2019,HOI,4,,755
51790000600,2019,HOI,4,,756
51041100807,2019,HOI,4,,757
51087200124,2019,HOI,4,,758
51173030302,2019,HOI,4,,759
51830370300,2019,HOI,4,,760
51193010102,2019,HOI,2,,761
51197050101,2019,HOI,3,,762
51143011001,2019,HOI,2,,763
51810041600,2019,HOI,4,,764
51550020903,2019,HOI,4,,765
51710005602,2019,HOI,4,,766
51810045808,2019,HOI,4,,767
51810046220,2019,HOI,4,,768
51161030206,2019,HOI,4,,769
51670820400,2019,HOI,3,,770
51153901601,2019,HOI,4,,771
51059491701,2019,HOI,4,,772
51089010601,2019,HOI,3,,773
51740213103,2019,HOI,4,,774
51810045200,2019,HOI,3,,775
51660000203,2019,HOI,4,,776
51177020203,2019,HOI,3,,777
51051040100,2019,HOI,2,,778
51167030600,2019,HOI,2,,779
51013103403,2019,HOI,4,,780
51059452102,2019,HOI,4,,781
51710006902,2019,HOI,3,,782
51161031000,2019,HOI,3,,783
51700031100,2019,HOI,4,,784
51003010801,2019,HOI,4,,785
51007930200,2019,HOI,3,,786
51197050201,2019,HOI,3,,787
51700032113,2019,HOI,4,,788
51041100933,2019,HOI,4,,789
51820003500,2019,HOI,4,,790
51061930706,2019,HOI,3,,791
51083930100,2019,HOI,2,,792
51685920201,2019,HOI,4,,793
51131930301,2019,HOI,3,,794
51199050306,2019,HOI,4,,795
51790000300,2019,HOI,4,,796
51810044007,2019,HOI,4,,797
51079030101,2019,HOI,3,,798
51179010201,2019,HOI,1,,799
51035080100,2019,HOI,3,,800
51071930300,2019,HOI,4,,801
51775010300,2019,HOI,4,,802
51760061001,2019,HOI,2,,803
51760010700,2019,HOI,2,,804
51059491803,2019,HOI,4,,805
51117930402,2019,HOI,3,,806
51710005903,2019,HOI,4,,807
51153900601,2019,HOI,4,,808
51033030400,2019,HOI,2,,809
51059460800,2019,HOI,5,,810
51033030600,2019,HOI,3,,811
51179010103,2019,HOI,5,,812
51550021506,2019,HOI,4,,813
51165010802,2019,HOI,3,,814
51810046213,2019,HOI,4,,815
51111930200,2019,HOI,3,,816
51520020400,2019,HOI,4,,817
51029930202,2019,HOI,2,,818
51069050900,2019,HOI,3,,819
51013101602,2019,HOI,4,,820
51117930300,2019,HOI,2,,821
51760070902,2019,HOI,3,,822
51087201003,2019,HOI,4,,823
51059461603,2019,HOI,4,,824
51153901211,2019,HOI,4,,825
51009010100,2019,HOI,3,,826
51550020908,2019,HOI,4,,827
51119950900,2019,HOI,3,,828
51041100600,2019,HOI,4,,829
51740211500,2019,HOI,4,,830
51187020102,2019,HOI,3,,831
51710007001,2019,HOI,4,,832
51760020800,2019,HOI,4,,833
51027010100,2019,HOI,2,,834
51059470600,2019,HOI,4,,835
51125950101,2019,HOI,2,,836
51760041300,2019,HOI,3,,837
51810045414,2019,HOI,4,,838
51700032223,2019,HOI,3,,839
51093280105,2019,HOI,3,,840
51550021507,2019,HOI,4,,841
51113930201,2019,HOI,2,,842
51650010104,2019,HOI,4,,843
51710000700,2019,HOI,3,,844
51061930305,2019,HOI,4,,845
51087200135,2019,HOI,4,,846
51840000201,2019,HOI,4,,847
51179010307,2019,HOI,4,,848
51139030402,2019,HOI,3,,849
51107611020,2019,HOI,4,,850
51197050401,2019,HOI,2,,851
51121020302,2019,HOI,4,,852
51059451100,2019,HOI,5,,853
51153901209,2019,HOI,5,,854
51810042802,2019,HOI,4,,855
51095080402,2019,HOI,4,,856
51770000602,2019,HOI,4,,857
51041100820,2019,HOI,4,,858
51041100915,2019,HOI,4,,859
51760010401,2019,HOI,3,,860
51119951200,2019,HOI,3,,861
51087200136,2019,HOI,4,,862
51023040402,2019,HOI,3,,863
51760040202,2019,HOI,4,,864
51810045428,2019,HOI,4,,865
51103030100,2019,HOI,3,,866
51087201002,2019,HOI,4,,867
51195931300,2019,HOI,2,,868
51710005902,2019,HOI,4,,869
51177020403,2019,HOI,3,,870
51059481900,2019,HOI,4,,871
51041100816,2019,HOI,4,,872
51179010305,2019,HOI,4,,873
51181860200,2019,HOI,3,,874
51147930102,2019,HOI,2,,875
51087200151,2019,HOI,4,,876
51113930202,2019,HOI,2,,877
51153900201,2019,HOI,4,,878
51153901221,2019,HOI,4,,879
51520020100,2019,HOI,4,,880
51683910100,2019,HOI,4,,881
51650010703,2019,HOI,4,,882
51810041003,2019,HOI,5,,883
51003010301,2019,HOI,4,,884
51740212802,2019,HOI,4,,885
51169030600,2019,HOI,4,,886
51177020201,2019,HOI,4,,887
51153900408,2019,HOI,4,,888
51033030100,2019,HOI,2,,889
51111930100,2019,HOI,3,,890
51810045405,2019,HOI,4,,891
51690000300,2019,HOI,4,,892
51011040300,2019,HOI,2,,893
51600300100,2019,HOI,4,,894
51710002000,2019,HOI,4,,895
51107611015,2019,HOI,4,,896
51640070101,2019,HOI,4,,897
51013103601,2019,HOI,4,,898
51087200140,2019,HOI,4,,899
51177020106,2019,HOI,4,,900
51089010700,2019,HOI,2,,901
51153901304,2019,HOI,4,,902
51041100805,2019,HOI,5,,903
51153901208,2019,HOI,5,,904
51075400400,2019,HOI,4,,905
51077060201,2019,HOI,2,,906
51059491302,2019,HOI,4,,907
51087200133,2019,HOI,4,,908
51059491103,2019,HOI,4,,909
51155210300,2019,HOI,3,,910
51710006200,2019,HOI,4,,911
51001090600,2019,HOI,3,,912
51650010800,2019,HOI,4,,913
51810045427,2019,HOI,4,,914
51173030500,2019,HOI,3,,915
51087200303,2019,HOI,4,,916
51153901409,2019,HOI,4,,917
51059452802,2019,HOI,4,,918
51700032117,2019,HOI,4,,919
51167030100,2019,HOI,2,,920
51153901225,2019,HOI,4,,921
51059420202,2019,HOI,4,,922
51009010401,2019,HOI,3,,923
51550021605,2019,HOI,4,,924
51059431801,2019,HOI,5,,925
51087201001,2019,HOI,5,,926
51041100814,2019,HOI,3,,927
51680001000,2019,HOI,4,,928
51109950303,2019,HOI,3,,929
51177020113,2019,HOI,4,,930
51153901508,2019,HOI,4,,931
51037930300,2019,HOI,2,,932
51067020701,2019,HOI,2,,933
51510200201,2019,HOI,4,,934
51059491301,2019,HOI,4,,935
51610500100,2019,HOI,4,,936
51087201403,2019,HOI,4,,937
51177020204,2019,HOI,4,,938
51167030201,2019,HOI,2,,939
51125950300,2019,HOI,3,,940
51059431001,2019,HOI,4,,941
51159040100,2019,HOI,3,,942
51051040200,2019,HOI,3,,943
51165010100,2019,HOI,3,,944
51177020114,2019,HOI,4,,945
51143011400,2019,HOI,2,,946
51810045807,2019,HOI,4,,947
51089010200,2019,HOI,3,,948
51810046207,2019,HOI,4,,949
51800075701,2019,HOI,4,,950
51019030404,2019,HOI,3,,951
51041100822,2019,HOI,4,,952
51177020112,2019,HOI,4,,953
51003010604,2019,HOI,4,,954
51001090300,2019,HOI,1,,955
51059422301,2019,HOI,4,,956
51810045415,2019,HOI,5,,957
51059440202,2019,HOI,4,,958
51171040800,2019,HOI,4,,959
51683910301,2019,HOI,4,,960
51700032132,2019,HOI,4,,961
51117930600,2019,HOI,2,,962
51091970100,2019,HOI,3,,963
51077060101,2019,HOI,2,,964
51177020404,2019,HOI,3,,965
51185020600,2019,HOI,3,,966
51059481103,2019,HOI,4,,967
51059422302,2019,HOI,4,,968
51121021202,2019,HOI,3,,969
51107611601,2019,HOI,4,,970
51013101200,2019,HOI,4,,971
51059481400,2019,HOI,4,,972
51153900301,2019,HOI,4,,973
51047930101,2019,HOI,3,,974
51121021501,2019,HOI,4,,975
51109950400,2019,HOI,3,,976
51540000502,2019,HOI,4,,977
51710004900,2019,HOI,4,,978
51177020314,2019,HOI,4,,979
51041100510,2019,HOI,4,,980
51059421002,2019,HOI,4,,981
51680001700,2019,HOI,4,,982
51087200127,2019,HOI,4,,983
51059452400,2019,HOI,4,,984
51173030200,2019,HOI,2,,985
51015070702,2019,HOI,4,,986
51029930201,2019,HOI,2,,987
51155210102,2019,HOI,3,,988
51149850400,2019,HOI,4,,989
51700031500,2019,HOI,4,,990
51067020702,2019,HOI,2,,991
51059480801,2019,HOI,4,,992
51153901226,2019,HOI,4,,993
51800065200,2019,HOI,4,,994
51019030403,2019,HOI,3,,995
51059440600,2019,HOI,4,,996
51690000400,2019,HOI,3,,997
51810040802,2019,HOI,5,,998
51790000402,2019,HOI,4,,999
51810045430,2019,HOI,5,,1000
51760040700,2019,HOI,4,,1001
51059461700,2019,HOI,4,,1002
51175200402,2019,HOI,3,,1003
51760061002,2019,HOI,2,,1004
51059431802,2019,HOI,4,,1005
51155210401,2019,HOI,3,,1006
51143010500,2019,HOI,3,,1007
51059451800,2019,HOI,5,,1008
51003011400,2019,HOI,3,,1009
51025930302,2019,HOI,2,,1010
51678930501,2019,HOI,4,,1011
51095080208,2019,HOI,4,,1012
51025930301,2019,HOI,2,,1013
51107611808,2019,HOI,5,,1014
51059452501,2019,HOI,4,,1015
51067020600,2019,HOI,3,,1016
51157950200,2019,HOI,3,,1017
51167030300,2019,HOI,2,,1018
51087201701,2019,HOI,4,,1019
51550020003,2019,HOI,4,,1020
51089011300,2019,HOI,3,,1021
51127700200,2019,HOI,4,,1022
51121020900,2019,HOI,4,,1023
51153900803,2019,HOI,4,,1024
51191010601,2019,HOI,3,,1025
51143010700,2019,HOI,2,,1026
51683910202,2019,HOI,4,,1027
51700032114,2019,HOI,4,,1028
51015070100,2019,HOI,3,,1029
51147930202,2019,HOI,2,,1030
51740210600,2019,HOI,4,,1031
51153901231,2019,HOI,4,,1032
51790000500,2019,HOI,4,,1033
51089010400,2019,HOI,2,,1034
51177020309,2019,HOI,4,,1035
51650010310,2019,HOI,4,,1036
51035080300,2019,HOI,2,,1037
51089011000,2019,HOI,1,,1038
51760050100,2019,HOI,4,,1039
51700032227,2019,HOI,4,,1040
51580060100,2019,HOI,3,,1041
51800075106,2019,HOI,4,,1042
51171040202,2019,HOI,3,,1043
51167030500,2019,HOI,2,,1044
51191010602,2019,HOI,2,,1045
51121020201,2019,HOI,4,,1046
51059460400,2019,HOI,4,,1047
51059420201,2019,HOI,4,,1048
51153901223,2019,HOI,4,,1049
51059491201,2019,HOI,4,,1050
51710002100,2019,HOI,4,,1051
51003011103,2019,HOI,4,,1052
51043010101,2019,HOI,4,,1053
51025930201,2019,HOI,3,,1054
51161030803,2019,HOI,4,,1055
51051040400,2019,HOI,1,,1056
51193010300,2019,HOI,3,,1057
51107611017,2019,HOI,4,,1058
51087201102,2019,HOI,5,,1059
51199050205,2019,HOI,4,,1060
51087200132,2019,HOI,4,,1061
51117930700,2019,HOI,2,,1062
51069050600,2019,HOI,4,,1063
51810046020,2019,HOI,4,,1064
51087201404,2019,HOI,4,,1065
51059421702,2019,HOI,4,,1066
51540000402,2019,HOI,4,,1067
51760070300,2019,HOI,4,,1068
51107611701,2019,HOI,5,,1069
51191010402,2019,HOI,4,,1070
51059440100,2019,HOI,4,,1071
51199050900,2019,HOI,3,,1072
51059415200,2019,HOI,4,,1073
51775010502,2019,HOI,4,,1074
51163930400,2019,HOI,2,,1075
51700032131,2019,HOI,4,,1076
51107611027,2019,HOI,5,,1077
51059480802,2019,HOI,4,,1078
51031020800,2019,HOI,2,,1079
51087201405,2019,HOI,4,,1080
51059980100,2019,HOI,4,,1081
51059440504,2019,HOI,4,,1082
51740980100,2019,HOI,4,,1083
,2019,HOI,4,,1084
51081880102,2019,HOI,4,,1085
51025930202,2019,HOI,4,,1086
51183870202,2019,HOI,4,,1087
51175200300,2019,HOI,2,,1088
51025930100,2019,HOI,2,,1089
51760050300,2019,HOI,4,,1090
51770001800,2019,HOI,4,,1091
51710006607,2019,HOI,4,,1092
51107610601,2019,HOI,4,,1093
51800075206,2019,HOI,4,,1094
51165011100,2019,HOI,3,,1095
51089011200,2019,HOI,1,,1096
51760040800,2019,HOI,4,,1097
51760020600,2019,HOI,4,,1098
51153901229,2019,HOI,5,,1099
51107610102,2019,HOI,4,,1100
51121021102,2019,HOI,4,,1101
51013102400,2019,HOI,4,,1102
51131930302,2019,HOI,3,,1103
51650010200,2019,HOI,4,,1104
51115951401,2019,HOI,4,,1105
51530930601,2019,HOI,2,,1106
51143011100,2019,HOI,2,,1107
51059491602,2019,HOI,4,,1108
51065020300,2019,HOI,3,,1109
51510200110,2019,HOI,4,,1110
51680000100,2019,HOI,4,,1111
51033030503,2019,HOI,3,,1112
51163930302,2019,HOI,3,,1113
51105950200,2019,HOI,2,,1114
51101950200,2019,HOI,3,,1115
51073100301,2019,HOI,4,,1116
51041100508,2019,HOI,4,,1117
51185021101,2019,HOI,3,,1118
51027010600,2019,HOI,2,,1119
51195930900,2019,HOI,4,,1120
51139030100,2019,HOI,3,,1121
51810041200,2019,HOI,5,,1122
51173030301,2019,HOI,2,,1123
51550020909,2019,HOI,4,,1124
51059480505,2019,HOI,4,,1125
51059430101,2019,HOI,5,,1126
51057950800,2019,HOI,3,,1127
51510201802,2019,HOI,4,,1128
51550021503,2019,HOI,4,,1129
51031020500,2019,HOI,3,,1130
51013100800,2019,HOI,4,,1131
51059482505,2019,HOI,4,,1132
51013101601,2019,HOI,4,,1133
51810044008,2019,HOI,4,,1134
51810046002,2019,HOI,4,,1135
51139030500,2019,HOI,3,,1136
51155210600,2019,HOI,4,,1137
51013102803,2019,HOI,4,,1138
51009010402,2019,HOI,4,,1139
51059431300,2019,HOI,4,,1140
51059461100,2019,HOI,4,,1141
51069050801,2019,HOI,4,,1142
51177020304,2019,HOI,4,,1143
51770003100,2019,HOI,4,,1144
51095080307,2019,HOI,4,,1145
51085320801,2019,HOI,4,,1146
51790000401,2019,HOI,4,,1147
51013100900,2019,HOI,4,,1148
51177020312,2019,HOI,4,,1149
51171040400,2019,HOI,4,,1150
51775010200,2019,HOI,4,,1151
51071930400,2019,HOI,4,,1152
51047930104,2019,HOI,4,,1153
51550020814,2019,HOI,4,,1154
51177020408,2019,HOI,4,,1155
51059491601,2019,HOI,4,,1156
51169030500,2019,HOI,3,,1157
51059430901,2019,HOI,4,,1158
51099040200,2019,HOI,3,,1159
51830370100,2019,HOI,4,,1160
51059491402,2019,HOI,4,,1161
51041100817,2019,HOI,4,,1162
51510201204,2019,HOI,4,,1163
51036600200,2019,HOI,3,,1164
51041100937,2019,HOI,4,,1165
51047930203,2019,HOI,4,,1166
51183870100,2019,HOI,2,,1167
51027010700,2019,HOI,2,,1168
51103030200,2019,HOI,3,,1169
51059420800,2019,HOI,5,,1170
51107610900,2019,HOI,4,,1171
51069050700,2019,HOI,3,,1172
51153900801,2019,HOI,4,,1173
51155210202,2019,HOI,4,,1174
51191010900,2019,HOI,2,,1175
51810045433,2019,HOI,4,,1176
51660000205,2019,HOI,4,,1177
51760041200,2019,HOI,3,,1178
51550021402,2019,HOI,4,,1179
51165012000,2019,HOI,4,,1180
51153900302,2019,HOI,4,,1181
51810046204,2019,HOI,4,,1182
51001090700,2019,HOI,3,,1183
51147930302,2019,HOI,3,,1184
51650010503,2019,HOI,2,,1185
51199050402,2019,HOI,4,,1186
51041100206,2019,HOI,4,,1187
51810040404,2019,HOI,5,,1188
51137110105,2019,HOI,3,,1189
51051040300,2019,HOI,2,,1190
51199050303,2019,HOI,4,,1191
51019030104,2019,HOI,4,,1192
51660000206,2019,HOI,5,,1193
51590001301,2019,HOI,4,,1194
51001090101,2019,HOI,4,,1195
51133020200,2019,HOI,3,,1196
51041100702,2019,HOI,3,,1197
51117930101,2019,HOI,2,,1198
51059461801,2019,HOI,5,,1199
51059471304,2019,HOI,5,,1200
51001090800,2019,HOI,2,,1201
51810041803,2019,HOI,4,,1202
51053840300,2019,HOI,3,,1203
51019030103,2019,HOI,4,,1204
51059431002,2019,HOI,5,,1205
51710000202,2019,HOI,3,,1206
51041101012,2019,HOI,4,,1207
51069051103,2019,HOI,4,,1208
51061930705,2019,HOI,4,,1209
51550021104,2019,HOI,4,,1210
51161030702,2019,HOI,4,,1211
51600300500,2019,HOI,5,,1212
51087200801,2019,HOI,4,,1213
51800075104,2019,HOI,5,,1214
51093280400,2019,HOI,3,,1215
51165011400,2019,HOI,3,,1216
51063920201,2019,HOI,3,,1217
51059415100,2019,HOI,4,,1218
51810041804,2019,HOI,4,,1219
51099040100,2019,HOI,4,,1220
51197050301,2019,HOI,4,,1221
51770000601,2019,HOI,4,,1222
51169030300,2019,HOI,2,,1223
51175200200,2019,HOI,2,,1224
51191010700,2019,HOI,3,,1225
51105950600,2019,HOI,2,,1226
51059491401,2019,HOI,4,,1227
51550021009,2019,HOI,5,,1228
51800075702,2019,HOI,4,,1229
51035080502,2019,HOI,3,,1230
51760010500,2019,HOI,3,,1231
51041100815,2019,HOI,4,,1232
51087200502,2019,HOI,4,,1233
51710003000,2019,HOI,4,,1234
51149850302,2019,HOI,4,,1235
51800075503,2019,HOI,4,,1236
51031020900,2019,HOI,3,,1237
51067020102,2019,HOI,3,,1238
51800065301,2019,HOI,3,,1239
51161030900,2019,HOI,4,,1240
51167030202,2019,HOI,2,,1241
51059490502,2019,HOI,5,,1242
51153901222,2019,HOI,4,,1243
51087200407,2019,HOI,4,,1244
51059461500,2019,HOI,4,,1245
51810045407,2019,HOI,5,,1246
51069050500,2019,HOI,4,,1247
51067020302,2019,HOI,3,,1248
51059482203,2019,HOI,4,,1249
51530930602,2019,HOI,2,,1250
51059482301,2019,HOI,5,,1251
51059460701,2019,HOI,4,,1252
51195931000,2019,HOI,2,,1253
51073100203,2019,HOI,4,,1254
51187020601,2019,HOI,4,,1255
51133020301,2019,HOI,3,,1256
51143011002,2019,HOI,3,,1257
51013102901,2019,HOI,5,,1258
51059451000,2019,HOI,5,,1259
51087200305,2019,HOI,4,,1260
51059421001,2019,HOI,5,,1261
51810046017,2019,HOI,4,,1262
51059480504,2019,HOI,5,,1263
51059491501,2019,HOI,5,,1264
51059430201,2019,HOI,5,,1265
51510200703,2019,HOI,4,,1266
51163930101,2019,HOI,3,,1267
51089010602,2019,HOI,3,,1268
51740212900,2019,HOI,5,,1269
51059432702,2019,HOI,5,,1270
51049930101,2019,HOI,2,,1271
51177020107,2019,HOI,4,,1272
51087200201,2019,HOI,5,,1273
51510201202,2019,HOI,4,,1274
51107611030,2019,HOI,4,,1275
51650010307,2019,HOI,4,,1276
51003010802,2019,HOI,4,,1277
51041101008,2019,HOI,4,,1278
51095080103,2019,HOI,4,,1279
51143010302,2019,HOI,2,,1280
51163930200,2019,HOI,3,,1281
51041100919,2019,HOI,4,,1282
51133020100,2019,HOI,3,,1283
51590001400,2019,HOI,3,,1284
51009010600,2019,HOI,2,,1285
51510202001,2019,HOI,5,,1286
51135000101,2019,HOI,3,,1287
51083930202,2019,HOI,2,,1288
51087200134,2019,HOI,4,,1289
51177020307,2019,HOI,4,,1290
51800075803,2019,HOI,3,,1291
51005080100,2019,HOI,3,,1292
51199051100,2019,HOI,5,,1293
51087200802,2019,HOI,4,,1294
51083930203,2019,HOI,2,,1295
51165010600,2019,HOI,3,,1296
51171040201,2019,HOI,3,,1297
51185020700,2019,HOI,3,,1298
51171040300,2019,HOI,3,,1299
51059481702,2019,HOI,4,,1300
51680001800,2019,HOI,4,,1301
51067020501,2019,HOI,3,,1302
51107611702,2019,HOI,5,,1303
51075400102,2019,HOI,4,,1304
51059440800,2019,HOI,4,,1305
51165011500,2019,HOI,4,,1306
51043010300,2019,HOI,4,,1307
51153901011,2019,HOI,4,,1308
51810041004,2019,HOI,5,,1309
51550020911,2019,HOI,4,,1310
51087200148,2019,HOI,4,,1311
51810041801,2019,HOI,4,,1312
51087200301,2019,HOI,4,,1313
51059480302,2019,HOI,5,,1314
51013101402,2019,HOI,4,,1315
51041100921,2019,HOI,4,,1316
51099040301,2019,HOI,4,,1317
51153900202,2019,HOI,4,,1318
51085320500,2019,HOI,4,,1319
51740212500,2019,HOI,4,,1320
51179010106,2019,HOI,4,,1321
51153901228,2019,HOI,5,,1322
51143011200,2019,HOI,3,,1323
51143010900,2019,HOI,3,,1324
51059471203,2019,HOI,4,,1325
51540000800,2019,HOI,4,,1326
51069050100,2019,HOI,3,,1327
51085320400,2019,HOI,4,,1328
51173030701,2019,HOI,3,,1329
51059450601,2019,HOI,5,,1330
51036600300,2019,HOI,3,,1331
51775010501,2019,HOI,4,,1332
51059452000,2019,HOI,4,,1333
51165010400,2019,HOI,3,,1334
51041100818,2019,HOI,4,,1335
51107611011,2019,HOI,4,,1336
51550020905,2019,HOI,4,,1337
51015070601,2019,HOI,4,,1338
51620090100,2019,HOI,3,,1339
51143010100,2019,HOI,2,,1340
51760060501,2019,HOI,3,,1341
51107611023,2019,HOI,5,,1342
51047930202,2019,HOI,3,,1343
51119951100,2019,HOI,3,,1344
51570830300,2019,HOI,4,,1345
51059471401,2019,HOI,5,,1346
51810043400,2019,HOI,4,,1347
51041100209,2019,HOI,4,,1348
51510200801,2019,HOI,4,,1349
51139030300,2019,HOI,3,,1350
51760070802,2019,HOI,3,,1351
51015071202,2019,HOI,3,,1352
51059422201,2019,HOI,4,,1353
51117930800,2019,HOI,3,,1354
51161030804,2019,HOI,4,,1355
51041101009,2019,HOI,4,,1356
51685920100,2019,HOI,4,,1357
51710004001,2019,HOI,4,,1358
51141030302,2019,HOI,2,,1359
51069051002,2019,HOI,4,,1360
51153901224,2019,HOI,5,,1361
51107611013,2019,HOI,5,,1362
51087200907,2019,HOI,4,,1363
51073100302,2019,HOI,4,,1364
51510201803,2019,HOI,4,,1365
51740213104,2019,HOI,4,,1366
51041100922,2019,HOI,4,,1367
51059482603,2019,HOI,5,,1368
51061930206,2019,HOI,4,,1369
51179010403,2019,HOI,4,,1370
51183870201,2019,HOI,3,,1371
51800075802,2019,HOI,3,,1372
51550020808,2019,HOI,4,,1373
51071930200,2019,HOI,3,,1374
51810046019,2019,HOI,4,,1375
51179010105,2019,HOI,4,,1376
51550020805,2019,HOI,4,,1377
51015070603,2019,HOI,4,,1378
51099040400,2019,HOI,4,,1379
51087200904,2019,HOI,4,,1380
51013100700,2019,HOI,4,,1381
51105950100,2019,HOI,1,,1382
51059431400,2019,HOI,4,,1383
51187020300,2019,HOI,4,,1384
51069050300,2019,HOI,4,,1385
51770003000,2019,HOI,4,,1386
51009010201,2019,HOI,3,,1387
51171040101,2019,HOI,4,,1388
51770002200,2019,HOI,4,,1389
51760010600,2019,HOI,2,,1390
51087200415,2019,HOI,4,,1391
51179010502,2019,HOI,4,,1392
51185020200,2019,HOI,3,,1393
51095080104,2019,HOI,4,,1394
51167030402,2019,HOI,3,,1395
51047930204,2019,HOI,4,,1396
51683910402,2019,HOI,4,,1397
51067020901,2019,HOI,2,,1398
51027010400,2019,HOI,2,,1399
51031020300,2019,HOI,4,,1400
51750010201,2019,HOI,3,,1401
51550020001,2019,HOI,4,,1402
51059422402,2019,HOI,5,,1403
51165010302,2019,HOI,4,,1404
51087201601,2019,HOI,4,,1405
51143010803,2019,HOI,2,,1406
51023040100,2019,HOI,3,,1407
51059432202,2019,HOI,5,,1408
51810045425,2019,HOI,5,,1409
51155210700,2019,HOI,4,,1410
51165011700,2019,HOI,3,,1411
51550021014,2019,HOI,4,,1412
51540000900,2019,HOI,4,,1413
51810046009,2019,HOI,5,,1414
51141030101,2019,HOI,2,,1415
51031020200,2019,HOI,3,,1416
51045050100,2019,HOI,3,,1417
51141030202,2019,HOI,2,,1418
51059430203,2019,HOI,5,,1419
51153901415,2019,HOI,5,,1420
51660000301,2019,HOI,4,,1421
51011040200,2019,HOI,3,,1422
51590000700,2019,HOI,4,,1423
51760040900,2019,HOI,4,,1424
51019030501,2019,HOI,2,,1425
51820003400,2019,HOI,4,,1426
51600300200,2019,HOI,5,,1427
51007930101,2019,HOI,3,,1428
51131930200,2019,HOI,3,,1429
51031020402,2019,HOI,4,,1430
51155210500,2019,HOI,3,,1431
51810043005,2019,HOI,4,,1432
51199050206,2019,HOI,5,,1433
51095080305,2019,HOI,4,,1434
51143010804,2019,HOI,2,,1435
51137110104,2019,HOI,4,,1436
51810044402,2019,HOI,4,,1437
51095080304,2019,HOI,4,,1438
51179010108,2019,HOI,4,,1439
51165010200,2019,HOI,3,,1440
51143010400,2019,HOI,2,,1441
51107611207,2019,HOI,5,,1442
51059480301,2019,HOI,5,,1443
51033030201,2019,HOI,3,,1444
51065020104,2019,HOI,4,,1445
51107610504,2019,HOI,5,,1446
51107611014,2019,HOI,4,,1447
51003010303,2019,HOI,4,,1448
51179010210,2019,HOI,4,,1449
51550021011,2019,HOI,5,,1450
51095080202,2019,HOI,5,,1451
51099040302,2019,HOI,4,,1452
51680001602,2019,HOI,4,,1453
51165010301,2019,HOI,4,,1454
51810046214,2019,HOI,5,,1455
51191010800,2019,HOI,2,,1456
51059460702,2019,HOI,5,,1457
51087200302,2019,HOI,5,,1458
51035080603,2019,HOI,2,,1459
51073100201,2019,HOI,4,,1460
51013103401,2019,HOI,4,,1461
51810045000,2019,HOI,4,,1462
51041100929,2019,HOI,4,,1463
51059470800,2019,HOI,4,,1464
51710003800,2019,HOI,5,,1465
51059430802,2019,HOI,5,,1466
51029930102,2019,HOI,3,,1467
51001090202,2019,HOI,3,,1468
51079030201,2019,HOI,4,,1469
51630000202,2019,HOI,4,,1470
51019030605,2019,HOI,3,,1471
51061930204,2019,HOI,4,,1472
51810042600,2019,HOI,4,,1473
51165011000,2019,HOI,3,,1474
51179010406,2019,HOI,5,,1475
51550020804,2019,HOI,4,,1476
51107611901,2019,HOI,5,,1477
51107610702,2019,HOI,5,,1478
51019030603,2019,HOI,3,,1479
51095080403,2019,HOI,4,,1480
51153901010,2019,HOI,5,,1481
51031020102,2019,HOI,3,,1482
51059450500,2019,HOI,5,,1483
51061930203,2019,HOI,4,,1484
51161030203,2019,HOI,4,,1485
51690000500,2019,HOI,4,,1486
51107611031,2019,HOI,4,,1487
51015070801,2019,HOI,4,,1488
51093280106,2019,HOI,4,,1489
51087201503,2019,HOI,3,,1490
51059421300,2019,HOI,4,,1491
51149850501,2019,HOI,4,,1492
51810046216,2019,HOI,4,,1493
51015070400,2019,HOI,3,,1494
51171040102,2019,HOI,4,,1495
51153901234,2019,HOI,4,,1496
51810042400,2019,HOI,4,,1497
51077060102,2019,HOI,2,,1498
51063920103,2019,HOI,3,,1499
51153901412,2019,HOI,4,,1500
51550020811,2019,HOI,5,,1501
51097950400,2019,HOI,2,,1502
51087200141,2019,HOI,5,,1503
51003010100,2019,HOI,3,,1504
51107611006,2019,HOI,5,,1505
51177020406,2019,HOI,4,,1506
51073100400,2019,HOI,3,,1507
51179010304,2019,HOI,4,,1508
51550021301,2019,HOI,4,,1509
51107611004,2019,HOI,5,,1510
51107610400,2019,HOI,5,,1511
51810046223,2019,HOI,5,,1512
51101950101,2019,HOI,3,,1513
51067020802,2019,HOI,2,,1514
51810043800,2019,HOI,4,,1515
51169030100,2019,HOI,3,,1516
51087200146,2019,HOI,5,,1517
51061930306,2019,HOI,4,,1518
51153901506,2019,HOI,5,,1519
51810045420,2019,HOI,5,,1520
51179010504,2019,HOI,4,,1521
51710006800,2019,HOI,5,,1522
51093280300,2019,HOI,3,,1523
51093280104,2019,HOI,4,,1524
51117930401,2019,HOI,3,,1525
51027010300,2019,HOI,2,,1526
51175200100,2019,HOI,3,,1527
51041100403,2019,HOI,4,,1528
51041100924,2019,HOI,4,,1529
51199050305,2019,HOI,4,,1530
51153901420,2019,HOI,5,,1531
51141030201,2019,HOI,2,,1532
51179010404,2019,HOI,4,,1533
51087200905,2019,HOI,3,,1534
51059432100,2019,HOI,4,,1535
51147930301,2019,HOI,3,,1536
51059460504,2019,HOI,4,,1537
51059490105,2019,HOI,4,,1538
51163930301,2019,HOI,3,,1539
51085320901,2019,HOI,5,,1540
51117930103,2019,HOI,3,,1541
51107610101,2019,HOI,4,,1542
51165011600,2019,HOI,3,,1543
51059482601,2019,HOI,5,,1544
51149850502,2019,HOI,3,,1545
51810046217,2019,HOI,4,,1546
51161030100,2019,HOI,3,,1547
51710002400,2019,HOI,4,,1548
51059482002,2019,HOI,5,,1549
51760041000,2019,HOI,4,,1550
51191010401,2019,HOI,4,,1551
51810046006,2019,HOI,5,,1552
51107611204,2019,HOI,4,,1553
51740213001,2019,HOI,4,,1554
51700032007,2019,HOI,4,,1555
51197050402,2019,HOI,3,,1556
51059482100,2019,HOI,4,,1557
51760020502,2019,HOI,4,,1558
51157950100,2019,HOI,3,,1559
51087200413,2019,HOI,5,,1560
51185020800,2019,HOI,2,,1561
51153901413,2019,HOI,4,,1562
51013103000,2019,HOI,5,,1563
51153901009,2019,HOI,5,,1564
51023040401,2019,HOI,3,,1565
51023040303,2019,HOI,4,,1566
51550021504,2019,HOI,5,,1567
51810046400,2019,HOI,4,,1568
51059420300,2019,HOI,5,,1569
51041100910,2019,HOI,4,,1570
51059432402,2019,HOI,5,,1571
51165011802,2019,HOI,4,,1572
51153901504,2019,HOI,4,,1573
51041100823,2019,HOI,4,,1574
51185021102,2019,HOI,3,,1575
51810045429,2019,HOI,5,,1576
51710002300,2019,HOI,3,,1577
51059430902,2019,HOI,5,,1578
51087200503,2019,HOI,4,,1579
51087200416,2019,HOI,4,,1580
51810046222,2019,HOI,5,,1581
51095080207,2019,HOI,4,,1582
51015070802,2019,HOI,4,,1583
51167030403,2019,HOI,3,,1584
51035080601,2019,HOI,2,,1585
51003011303,2019,HOI,4,,1586
51005080201,2019,HOI,3,,1587
51179010205,2019,HOI,4,,1588
51059430202,2019,HOI,5,,1589
51059492100,2019,HOI,4,,1590
51109950301,2019,HOI,3,,1591
51019030202,2019,HOI,3,,1592
51059471000,2019,HOI,5,,1593
51550021004,2019,HOI,4,,1594
51019030504,2019,HOI,3,,1595
51003011000,2019,HOI,4,,1596
51047930501,2019,HOI,3,,1597
51036600100,2019,HOI,3,,1598
51179010405,2019,HOI,5,,1599
51059432500,2019,HOI,5,,1600
51153901013,2019,HOI,4,,1601
51155210101,2019,HOI,3,,1602
51059482206,2019,HOI,4,,1603
51177020202,2019,HOI,4,,1604
51810043004,2019,HOI,4,,1605
51810046206,2019,HOI,5,,1606
51177020405,2019,HOI,4,,1607
51059430400,2019,HOI,5,,1608
51107611807,2019,HOI,5,,1609
51165011801,2019,HOI,4,,1610
51810046011,2019,HOI,5,,1611
51177020316,2019,HOI,4,,1612
51185020100,2019,HOI,2,,1613
51059440702,2019,HOI,5,,1614
51197050302,2019,HOI,3,,1615
51810045601,2019,HOI,5,,1616
51083930500,2019,HOI,3,,1617
51053840200,2019,HOI,3,,1618
51177020111,2019,HOI,4,,1619
51059420203,2019,HOI,5,,1620
51710006601,2019,HOI,4,,1621
51005080302,2019,HOI,3,,1622
51041100701,2019,HOI,4,,1623
51153901303,2019,HOI,5,,1624
51700032001,2019,HOI,4,,1625
51015071000,2019,HOI,3,,1626
51163930102,2019,HOI,3,,1627
51059460100,2019,HOI,5,,1628
51153901236,2019,HOI,5,,1629
51710005601,2019,HOI,4,,1630
51800075208,2019,HOI,4,,1631
51083930400,2019,HOI,3,,1632
51191010301,2019,HOI,2,,1633
51067020502,2019,HOI,3,,1634
51153900904,2019,HOI,4,,1635
51107611010,2019,HOI,4,,1636
51087201502,2019,HOI,4,,1637
51041100505,2019,HOI,4,,1638
51061930707,2019,HOI,4,,1639
51059481201,2019,HOI,5,,1640
51023040200,2019,HOI,3,,1641
51171040600,2019,HOI,3,,1642
51015071101,2019,HOI,3,,1643
51049930200,2019,HOI,3,,1644
51770002100,2019,HOI,4,,1645
51191010302,2019,HOI,2,,1646
51760070100,2019,HOI,4,,1647
51063920102,2019,HOI,3,,1648
51810045408,2019,HOI,4,,1649
51065020101,2019,HOI,4,,1650
51019030601,2019,HOI,3,,1651
51510200900,2019,HOI,5,,1652
51015070500,2019,HOI,3,,1653
51127700302,2019,HOI,4,,1654
51107611206,2019,HOI,5,,1655
51013101300,2019,HOI,5,,1656
51700032002,2019,HOI,5,,1657
51059450800,2019,HOI,5,,1658
51810046224,2019,HOI,4,,1659
51800075404,2019,HOI,4,,1660
51035080402,2019,HOI,3,,1661
51107610604,2019,HOI,4,,1662
51550021010,2019,HOI,5,,1663
51003010402,2019,HOI,4,,1664
51013102802,2019,HOI,5,,1665
51107611026,2019,HOI,5,,1666
51097950500,2019,HOI,3,,1667
51059431500,2019,HOI,4,,1668
51085321401,2019,HOI,4,,1669
51191010101,2019,HOI,3,,1670
51013100600,2019,HOI,5,,1671
51041100926,2019,HOI,4,,1672
51119951000,2019,HOI,4,,1673
51075400101,2019,HOI,4,,1674
51067020301,2019,HOI,4,,1675
51187020700,2019,HOI,4,,1676
51115951301,2019,HOI,3,,1677
51107610800,2019,HOI,4,,1678
51087200122,2019,HOI,5,,1679
51153901703,2019,HOI,4,,1680
51141030301,2019,HOI,3,,1681
51740212701,2019,HOI,4,,1682
51800075302,2019,HOI,3,,1683
51107611022,2019,HOI,5,,1684
51107611803,2019,HOI,5,,1685
51550021015,2019,HOI,4,,1686
51800075801,2019,HOI,3,,1687
51161030205,2019,HOI,4,,1688
51059432300,2019,HOI,5,,1689
51087200137,2019,HOI,5,,1690
51153901005,2019,HOI,5,,1691
51770002900,2019,HOI,4,,1692
51810046014,2019,HOI,5,,1693
51059422401,2019,HOI,4,,1694
51077060300,2019,HOI,2,,1695
51015070300,2019,HOI,4,,1696
51153901233,2019,HOI,5,,1697
51087200414,2019,HOI,4,,1698
51760070804,2019,HOI,4,,1699
51087200150,2019,HOI,4,,1700
51059450900,2019,HOI,5,,1701
51059432800,2019,HOI,4,,1702
51003011102,2019,HOI,4,,1703
51013101000,2019,HOI,5,,1704
51800075502,2019,HOI,4,,1705
51083930602,2019,HOI,3,,1706
51085321403,2019,HOI,4,,1707
51103030302,2019,HOI,3,,1708
51085321003,2019,HOI,5,,1709
51177020104,2019,HOI,4,,1710
51700032005,2019,HOI,4,,1711
51059420700,2019,HOI,5,,1712
51087200202,2019,HOI,5,,1713
51153901232,2019,HOI,5,,1714
51179010301,2019,HOI,4,,1715
51197050202,2019,HOI,3,,1716
51015070701,2019,HOI,4,,1717
51035080501,2019,HOI,3,,1718
51085321001,2019,HOI,5,,1719
51165011200,2019,HOI,3,,1720
51161030501,2019,HOI,4,,1721
51810046212,2019,HOI,5,,1722
51047930103,2019,HOI,4,,1723
51059461604,2019,HOI,4,,1724
51093280101,2019,HOI,3,,1725
51735340300,2019,HOI,4,,1726
51073100202,2019,HOI,4,,1727
51083930301,2019,HOI,2,,1728
51153901421,2019,HOI,5,,1729
51810044201,2019,HOI,4,,1730
51099040500,2019,HOI,4,,1731
51810045434,2019,HOI,4,,1732
51840000202,2019,HOI,4,,1733
51550021407,2019,HOI,4,,1734
51735340200,2019,HOI,4,,1735
51059450400,2019,HOI,4,,1736
51810043006,2019,HOI,4,,1737
51550020812,2019,HOI,4,,1738
51003011301,2019,HOI,3,,1739
51171040502,2019,HOI,3,,1740
51067020400,2019,HOI,3,,1741
51013100500,2019,HOI,5,,1742
51177020407,2019,HOI,4,,1743
51810046015,2019,HOI,5,,1744
51680000201,2019,HOI,4,,1745
51093280200,2019,HOI,4,,1746
51059471402,2019,HOI,4,,1747
51810046211,2019,HOI,5,,1748
51153901416,2019,HOI,5,,1749
51800075703,2019,HOI,4,,1750
51019030602,2019,HOI,3,,1751
51041100923,2019,HOI,4,,1752
51760070400,2019,HOI,5,,1753
51109950500,2019,HOI,3,,1754
51005080202,2019,HOI,3,,1755
51550021304,2019,HOI,5,,1756
51153901306,2019,HOI,5,,1757
51061930205,2019,HOI,4,,1758
51061930703,2019,HOI,4,,1759
51143010801,2019,HOI,3,,1760
51810045426,2019,HOI,5,,1761
51153900100,2019,HOI,4,,1762
51059422403,2019,HOI,5,,1763
51059430102,2019,HOI,5,,1764
51061930401,2019,HOI,4,,1765
51550021401,2019,HOI,4,,1766
51700031901,2019,HOI,4,,1767
51059491802,2019,HOI,5,,1768
51085320902,2019,HOI,5,,1769
51550021603,2019,HOI,4,,1770
51085321402,2019,HOI,4,,1771
51810045422,2019,HOI,4,,1772
51059491101,2019,HOI,4,,1773
51031020101,2019,HOI,3,,1774
51059430801,2019,HOI,5,,1775
51161030300,2019,HOI,4,,1776
51003010501,2019,HOI,4,,1777
51003011101,2019,HOI,4,,1778
51037930102,2019,HOI,2,,1779
51650010103,2019,HOI,4,,1780
51059480100,2019,HOI,4,,1781
51075400200,2019,HOI,4,,1782
51740213002,2019,HOI,4,,1783
51001090201,2019,HOI,3,,1784
51059431900,2019,HOI,5,,1785
51800075405,2019,HOI,4,,1786
51059491705,2019,HOI,5,,1787
51023040502,2019,HOI,4,,1788
51059440505,2019,HOI,4,,1789
51153901012,2019,HOI,5,,1790
51107611208,2019,HOI,5,,1791
51087200152,2019,HOI,4,,1792
51059451300,2019,HOI,5,,1793
51059415800,2019,HOI,5,,1794
51069050401,2019,HOI,4,,1795
51059416100,2019,HOI,4,,1796
51059482001,2019,HOI,4,,1797
51031020600,2019,HOI,3,,1798
51810046010,2019,HOI,4,,1799
51059482205,2019,HOI,4,,1800
51021040100,2019,HOI,3,,1801
51810042202,2019,HOI,5,,1802
51760050500,2019,HOI,4,,1803
51550021012,2019,HOI,5,,1804
51510201300,2019,HOI,5,,1805
51041100704,2019,HOI,4,,1806
51041101007,2019,HOI,4,,1807
51063920202,2019,HOI,3,,1808
51059480401,2019,HOI,5,,1809
51107610201,2019,HOI,4,,1810
51095080203,2019,HOI,4,,1811
51153901505,2019,HOI,5,,1812
51107611804,2019,HOI,5,,1813
51121020500,2019,HOI,4,,1814
51199050304,2019,HOI,4,,1815
51087200908,2019,HOI,4,,1816
51161030602,2019,HOI,4,,1817
51760021100,2019,HOI,4,,1818
51550021505,2019,HOI,5,,1819
51059480402,2019,HOI,4,,1820
51087200142,2019,HOI,5,,1821
51107611019,2019,HOI,5,,1822
51067020103,2019,HOI,3,,1823
51153901230,2019,HOI,5,,1824
51187020200,2019,HOI,4,,1825
51107610300,2019,HOI,4,,1826
51003010401,2019,HOI,3,,1827
51073100101,2019,HOI,4,,1828
51053840601,2019,HOI,3,,1829
51087200147,2019,HOI,5,,1830
51550021200,2019,HOI,4,,1831
51085320804,2019,HOI,5,,1832
51059450701,2019,HOI,4,,1833
51013102903,2019,HOI,4,,1834
51059440701,2019,HOI,5,,1835
51550020600,2019,HOI,5,,1836
51059421103,2019,HOI,4,,1837
51800075203,2019,HOI,5,,1838
51037930200,2019,HOI,2,,1839
51059432701,2019,HOI,4,,1840
51137110107,2019,HOI,4,,1841
51107611012,2019,HOI,5,,1842
51063920104,2019,HOI,3,,1843
51075400500,2019,HOI,3,,1844
51153901305,2019,HOI,4,,1845
51041101003,2019,HOI,4,,1846
51073100500,2019,HOI,4,,1847
51650011500,2019,HOI,4,,1848
51800075105,2019,HOI,5,,1849
51089010300,2019,HOI,3,,1850
51143011302,2019,HOI,3,,1851
51107611209,2019,HOI,5,,1852
51153901411,2019,HOI,5,,1853
51041100507,2019,HOI,4,,1854
51103030301,2019,HOI,3,,1855
51059432600,2019,HOI,5,,1856
51109950101,2019,HOI,3,,1857
51101950300,2019,HOI,4,,1858
51570830100,2019,HOI,4,,1859
51179010212,2019,HOI,5,,1860
51107610507,2019,HOI,5,,1861
51810043002,2019,HOI,5,,1862
51049930102,2019,HOI,2,,1863
51810045431,2019,HOI,4,,1864
51059480502,2019,HOI,5,,1865
51169030400,2019,HOI,2,,1866
51125950201,2019,HOI,4,,1867
51199050203,2019,HOI,5,,1868
51153901219,2019,HOI,5,,1869
51137110302,2019,HOI,3,,1870
51059492000,2019,HOI,5,,1871
51061930303,2019,HOI,4,,1872
51179010503,2019,HOI,4,,1873
51179010217,2019,HOI,4,,1874
51161030701,2019,HOI,5,,1875
51179010213,2019,HOI,5,,1876
51059481105,2019,HOI,5,,1877
51810046018,2019,HOI,4,,1878
51015071102,2019,HOI,4,,1879
51107610602,2019,HOI,5,,1880
51161030502,2019,HOI,4,,1881
51003011201,2019,HOI,3,,1882
51087200108,2019,HOI,4,,1883
51650010312,2019,HOI,5,,1884
51041101011,2019,HOI,5,,1885
51003010201,2019,HOI,4,,1886
51005080301,2019,HOI,3,,1887
51810046225,2019,HOI,5,,1888
51059415900,2019,HOI,5,,1889
51810045432,2019,HOI,4,,1890
51059421101,2019,HOI,4,,1891
51121021201,2019,HOI,3,,1892
51041100509,2019,HOI,4,,1893
51153901227,2019,HOI,5,,1894
51101950102,2019,HOI,4,,1895
51083930204,2019,HOI,2,,1896
51059470900,2019,HOI,4,,1897
51061930402,2019,HOI,4,,1898
51107611902,2019,HOI,5,,1899
51510200202,2019,HOI,5,,1900
51650011001,2019,HOI,4,,1901
51013101100,2019,HOI,5,,1902
51145500400,2019,HOI,4,,1903
51085320300,2019,HOI,4,,1904
51191011000,2019,HOI,4,,1905
51810046016,2019,HOI,5,,1906
51520020202,2019,HOI,3,,1907
51810042201,2019,HOI,4,,1908
51127700301,2019,HOI,4,,1909
51061930405,2019,HOI,4,,1910
51107611029,2019,HOI,5,,1911
51069050805,2019,HOI,5,,1912
51800075207,2019,HOI,4,,1913
51013102301,2019,HOI,5,,1914
51085321201,2019,HOI,4,,1915
51550021305,2019,HOI,5,,1916
51065020200,2019,HOI,4,,1917
51087200138,2019,HOI,5,,1918
51069050807,2019,HOI,4,,1919
51059440300,2019,HOI,4,,1920
51085320100,2019,HOI,4,,1921
51059470500,2019,HOI,4,,1922
51069051001,2019,HOI,4,,1923
51107611005,2019,HOI,5,,1924
51095080404,2019,HOI,4,,1925
51550021016,2019,HOI,4,,1926
51061930304,2019,HOI,4,,1927
51085321300,2019,HOI,4,,1928
51107610202,2019,HOI,4,,1929
51033030501,2019,HOI,3,,1930
51161030802,2019,HOI,4,,1931
51550021604,2019,HOI,4,,1932
51510200404,2019,HOI,5,,1933
51041101015,2019,HOI,4,,1934
51077060202,2019,HOI,2,,1935
51127700100,2019,HOI,4,,1936
51059430500,2019,HOI,4,,1937
51085321100,2019,HOI,4,,1938
51550021005,2019,HOI,5,,1939
51059491000,2019,HOI,4,,1940
51041100821,2019,HOI,4,,1941
51073100102,2019,HOI,4,,1942
51033030502,2019,HOI,3,,1943
51550021306,2019,HOI,5,,1944
51161030201,2019,HOI,4,,1945
51107610703,2019,HOI,4,,1946
51041100902,2019,HOI,5,,1947
51059440501,2019,HOI,5,,1948
51085321004,2019,HOI,5,,1949
51085320805,2019,HOI,5,,1950
51109950302,2019,HOI,3,,1951
51043010200,2019,HOI,4,,1952
51107611811,2019,HOI,5,,1953
51135000200,2019,HOI,3,,1954
51550021013,2019,HOI,5,,1955
51053840400,2019,HOI,5,,1956
51165011900,2019,HOI,3,,1957
51161031201,2019,HOI,4,,1958
51510201000,2019,HOI,5,,1959
51137110108,2019,HOI,4,,1960
51139030200,2019,HOI,3,,1961
51165010700,2019,HOI,3,,1962
51107611102,2019,HOI,5,,1963
51117930104,2019,HOI,3,,1964
51011040101,2019,HOI,3,,1965
51059491102,2019,HOI,5,,1966
51550021406,2019,HOI,4,,1967
51153901507,2019,HOI,5,,1968
51177020315,2019,HOI,4,,1969
51059416300,2019,HOI,4,,1970
51003010702,2019,HOI,4,,1971
51019030204,2019,HOI,4,,1972
51019030300,2019,HOI,4,,1973
51059491405,2019,HOI,5,,1974
51069050402,2019,HOI,4,,1975
51059432401,2019,HOI,5,,1976
51059482400,2019,HOI,5,,1977
51810045424,2019,HOI,4,,1978
51107611812,2019,HOI,5,,1979
51700031800,2019,HOI,4,,1980
51145500201,2019,HOI,4,,1981
51019030101,2019,HOI,4,,1982
51800075602,2019,HOI,4,,1983
51161031202,2019,HOI,4,,1984
51191010200,2019,HOI,3,,1985
51179010206,2019,HOI,5,,1986
51177020308,2019,HOI,4,,1987
51059420501,2019,HOI,4,,1988
51043010102,2019,HOI,4,,1989
51019030503,2019,HOI,4,,1990
51069050806,2019,HOI,4,,1991
51013100400,2019,HOI,5,,1992
51121021300,2019,HOI,4,,1993
51179010202,2019,HOI,4,,1994
51550021101,2019,HOI,5,,1995
51121021502,2019,HOI,4,,1996
51580060200,2019,HOI,4,,1997
51041100208,2019,HOI,4,,1998
51810045805,2019,HOI,5,,1999
51053840101,2019,HOI,3,,2000
51059461000,2019,HOI,5,,2001
51041100936,2019,HOI,5,,2002
51041101013,2019,HOI,5,,2003
51059460600,2019,HOI,5,,2004
51121020100,2019,HOI,4,,2005
51059492202,2019,HOI,5,,2006
51059470400,2019,HOI,4,,2007
51179010107,2019,HOI,4,,2008
51019030401,2019,HOI,4,,2009
51153901235,2019,HOI,5,,2010
51041100935,2019,HOI,4,,2011
51159040200,2019,HOI,3,,2012
51153901509,2019,HOI,4,,2013
51087200149,2019,HOI,5,,2014
51107611813,2019,HOI,5,,2015
51003011202,2019,HOI,4,,2016
51810041400,2019,HOI,5,,2017
51510201500,2019,HOI,5,,2018
51059481500,2019,HOI,4,,2019
51059481600,2019,HOI,4,,2020
51059460501,2019,HOI,4,,2021
51003010602,2019,HOI,3,,2022
51085320803,2019,HOI,5,,2023
51153901414,2019,HOI,5,,2024
51041100932,2019,HOI,4,,2025
51095080308,2019,HOI,4,,2026
51041100938,2019,HOI,4,,2027
51019030203,2019,HOI,4,,2028
51199050401,2019,HOI,4,,2029
51153901417,2019,HOI,4,,2030
51009010300,2019,HOI,4,,2031
51041100812,2019,HOI,4,,2032
51107611810,2019,HOI,5,,2033
51059492300,2019,HOI,4,,2034
51125950202,2019,HOI,4,,2035
51107610701,2019,HOI,4,,2036
51121021000,2019,HOI,4,,2037
51041100106,2019,HOI,5,,2038
51035080200,2019,HOI,3,,2039
51650012100,2019,HOI,4,,2040
51550021103,2019,HOI,4,,2041
51041100912,2019,HOI,5,,2042
51013100300,2019,HOI,5,,2043
51177020105,2019,HOI,4,,2044
51059492500,2019,HOI,4,,2045
51107611805,2019,HOI,5,,2046
51059470100,2019,HOI,5,,2047
51179010218,2019,HOI,4,,2048
51087200109,2019,HOI,4,,2049
51067020902,2019,HOI,2,,2050
51153901503,2019,HOI,4,,2051
51800075407,2019,HOI,4,,2052
51059482303,2019,HOI,5,,2053
51013103700,2019,HOI,5,,2054
51071930100,2019,HOI,3,,2055
51059415402,2019,HOI,5,,2056
51041100930,2019,HOI,5,,2057
51087201602,2019,HOI,4,,2058
51059482604,2019,HOI,5,,2059
51059460300,2019,HOI,5,,2060
51017920101,2019,HOI,3,,2061
51760041600,2019,HOI,4,,2062
51059461201,2019,HOI,5,,2063
51133020302,2019,HOI,3,,2064
51087200906,2019,HOI,4,,2065
51059482502,2019,HOI,5,,2066
51059460900,2019,HOI,5,,2067
51041100931,2019,HOI,5,,2068
51023040501,2019,HOI,4,,2069
51059491404,2019,HOI,5,,2070
51111930300,2019,HOI,2,,2071
51810045803,2019,HOI,4,,2072
51059470300,2019,HOI,5,,2073
51031020403,2019,HOI,3,,2074
51059415700,2019,HOI,5,,2075
51085320200,2019,HOI,4,,2076
51760050400,2019,HOI,5,,2077
51035080604,2019,HOI,2,,2078
51700032130,2019,HOI,5,,2079
51710002200,2019,HOI,4,,2080
51075400300,2019,HOI,3,,2081
51041101004,2019,HOI,4,,2082
51069050200,2019,HOI,4,,2083
51145500101,2019,HOI,4,,2084
51059491403,2019,HOI,5,,2085
51153901510,2019,HOI,5,,2086
51059480201,2019,HOI,5,,2087
51067020104,2019,HOI,3,,2088
51059491502,2019,HOI,5,,2089
51059482504,2019,HOI,5,,2090
51810045421,2019,HOI,5,,2091
51740212702,2019,HOI,3,,2092
51179010308,2019,HOI,4,,2093
51145500102,2019,HOI,4,,2094
51059480501,2019,HOI,5,,2095
51059492201,2019,HOI,5,,2096
51009010202,2019,HOI,3,,2097
51810044600,2019,HOI,5,,2098
51059421200,2019,HOI,5,,2099
51013100100,2019,HOI,5,,2100
51059482503,2019,HOI,5,,2101
51760060600,2019,HOI,4,,2102
51013100200,2019,HOI,5,,2103
51760050600,2019,HOI,5,,2104
51107610503,2019,HOI,5,,2105
51083930302,2019,HOI,3,,2106
51061930704,2019,HOI,4,,2107
51015070900,2019,HOI,4,,2108
51177020207,2019,HOI,3,,2109
51161030601,2019,HOI,4,,2110
51061930207,2019,HOI,4,,2111
51800075301,2019,HOI,4,,2112
51085320702,2019,HOI,4,,2113
51059492203,2019,HOI,5,,2114
51107611009,2019,HOI,5,,2115
51121021101,2019,HOI,4,,2116
51059415600,2019,HOI,5,,2117
51760050200,2019,HOI,5,,2118
51089010800,2019,HOI,2,,2119
51041100409,2019,HOI,4,,2120
51015071201,2019,HOI,3,,2121
51041101014,2019,HOI,4,,2122
51059481106,2019,HOI,5,,2123
51061930102,2019,HOI,3,,2124
51115951302,2019,HOI,3,,2125
51059481701,2019,HOI,5,,2126
51087200145,2019,HOI,5,,2127
51059470700,2019,HOI,5,,2128
51059460200,2019,HOI,5,,2129
51087201203,2019,HOI,4,,2130
51061930404,2019,HOI,4,,2131
51810043600,2019,HOI,4,,2132
51107611016,2019,HOI,5,,2133
51800075202,2019,HOI,5,,2134
51155210402,2019,HOI,3,,2135
51003010202,2019,HOI,4,,2136
51015070200,2019,HOI,3,,2137
51059480503,2019,HOI,5,,2138
51065020103,2019,HOI,4,,2139
51013101503,2019,HOI,4,,2140
51059451200,2019,HOI,5,,2141
51023040301,2019,HOI,4,,2142
51810044401,2019,HOI,5,,2143
51107611809,2019,HOI,5,,2144
51735340100,2019,HOI,4,,2145
51145500300,2019,HOI,4,,2146
51550021303,2019,HOI,5,,2147
51053840602,2019,HOI,3,,2148
51810045412,2019,HOI,4,,2149
51079030202,2019,HOI,4,,2150
51085320701,2019,HOI,4,,2151
51153901511,2019,HOI,5,,2152
51041100705,2019,HOI,4,,2153
51069050804,2019,HOI,5,,2154
51113930101,2019,HOI,3,,2155
51115951402,2019,HOI,4,,2156
51117930500,2019,HOI,3,,2157
51107611028,2019,HOI,5,,2158
51095080306,2019,HOI,4,,2159
51191010102,2019,HOI,3,,2160
51550020810,2019,HOI,5,,2161
51197050102,2019,HOI,3,,2162
51179010219,2019,HOI,4,,2163
51810042000,2019,HOI,5,,2164
51023040304,2019,HOI,4,,2165
51145500202,2019,HOI,4,,2166
51087200143,2019,HOI,4,,2167
51069051104,2019,HOI,4,,2168
